Username,Full Name,Profile Link
annieyouwant,ğ”¸ğ•Ÿğ•Ÿğ•šğ•– ğ•ƒğ•šğ•’ğ• â™¡,https://www.instagram.com/annieyouwant/
ritakuo1110,éƒ­æ€æ…§,https://www.instagram.com/ritakuo1110/
r993052,Nosoon Â® å®‹è“‰å©·,https://www.instagram.com/r993052/
love_ritakao,ğŸ©µRITA,https://www.instagram.com/love_ritakao/
mahoushoujojo_2.0,é­”æ³•å°‘å¥³2.0ï½œæ€§åˆ¥ï¼é›»å½±ï¼è¿½åŠ‡ï¼é–±è®€,https://www.instagram.com/mahoushoujojo_2.0/
bobo_1019,èƒ¡è²å¯¶ ğŸˆBoBo,https://www.instagram.com/bobo_1019/
nioumo,Nioumo |å°ç‰›,https://www.instagram.com/nioumo/
tei_foodiary,èººèºº å°åƒè²¨æ—¥è¨˜ğŸ°ï½œåˆ†äº«ï¼šåœ˜è³¼ è¶…å•† æ—¥æœ¬ å°ä¸­ é«˜é›„,https://www.instagram.com/tei_foodiary/
alinalo0407,alina,https://www.instagram.com/alinalo0407/
peng_yan_ru,å½­å½¥å„’,https://www.instagram.com/peng_yan_ru/
sundayright_dub,æ˜ŸæœŸå¤© Sunday,https://www.instagram.com/sundayright_dub/
cutect1688,"é¦¬å°¼éº»éº»Christy . ğŸ¶é¦¬å°¼ / TUNG, CHENG-YUN",https://www.instagram.com/cutect1688/
ot_ishere,å°¼å…‹å°å§|ç²¾ç¥ç§‘è·èƒ½æ²»ç™‚å¸«,https://www.instagram.com/ot_ishere/
hmhm0605,ğŸ§¸Mavis /å°M,https://www.instagram.com/hmhm0605/
reta601022,Fang Chi,https://www.instagram.com/reta601022/
hellotousilvia,Silviaæ—¥æœ¬èªå®¶æ•™-TY YANG,https://www.instagram.com/hellotousilvia/
6v6v6v6v_,6vğŸ’™,https://www.instagram.com/6v6v6v6v_/
wtfyou7788,åˆ°åº•çœ‹äº†ä»€éº¼543,https://www.instagram.com/wtfyou7788/
x.xsong724,ç¾å®‹Â®ï¸,https://www.instagram.com/x.xsong724/
man8207ee,Kayla æ—ä¹™è”“,https://www.instagram.com/man8207ee/
dadarara,Dara HanfmanéŸ“ç¬™ç¬™,https://www.instagram.com/dadarara/
mei_4524,ğ“œğ“®ğ“²è“,https://www.instagram.com/mei_4524/
cindy.chuma,cĞ½Ï… Â· é‚±å°é¦¬ Â·Â©ï¸,https://www.instagram.com/cindy.chuma/
inawang_lifestyle,Ina Wangï½œIGç¶“ç‡Ÿï½œå“ç‰Œè¡ŒéŠ·ï½œå±¥æ­·é¢è©¦è«®è©¢,https://www.instagram.com/inawang_lifestyle/
papa90242,é„­å¤§æ›´ğŸ’•å°åŒ—Â·æ–°åŒ—Â·æ¡ƒåœ’Â·å°ä¸­Â·å°å—å…¨å°ç¾é£Ÿåƒé€é€ Cheng Pei Yi,https://www.instagram.com/papa90242/
yonghe_grandpa,æ°¸å’Œè¶…ç´šé˜¿å…¬,https://www.instagram.com/yonghe_grandpa/
huang_hsuan,é»ƒç‘„å¸¶ä¾¿ç•¶ï½œä¸Šç­æ—æ¸›è„‚å¢è‚Œæ—¥å¸¸,https://www.instagram.com/huang_hsuan/
jia_ciciii,æ¥Šä½³æ¬£ Ellie,https://www.instagram.com/jia_ciciii/
h_a_n.7,Sammyå±±ç±³ âœŒï¸ å°ä¸­ å°åŒ— ç¾é£ŸÂ·å°åƒÂ·æ—…éŠÂ·è¦ªå­Â·è‚²å…’,https://www.instagram.com/h_a_n.7/
hsiang_food.travel,é˜¿ç¿”åƒè²¨æ—¥è¨˜,https://www.instagram.com/hsiang_food.travel/
maggie.liu_,ç‘ªå§¬ğŸ•Šï¸,https://www.instagram.com/maggie.liu_/
guang_wanniii,Guangå°å…‰ï½œæ—…éŠ éœ²ç‡Ÿ æ±½è»Š æ”å½±,https://www.instagram.com/guang_wanniii/
xiexin1127,è¬å¿»,https://www.instagram.com/xiexin1127/
jennjennipa,Jenniferçå¦®ä½› | æ´ªå­æ‡¿,https://www.instagram.com/jennjennipa/
twoboysfoods,å…©å€‹ç”·å­©æ—¥å¸¸é£Ÿè¨˜ğŸ‘¬å°ä¸­ å°å— å°åŒ— å½°åŒ– ç¾é£Ÿ,https://www.instagram.com/twoboysfoods/
bonu_daily,å•µå¦®ã®åƒè²¨æ—¥å¸¸ğŸ™‹â€â™€ï¸å°å—ç¾é£Ÿï½œé£Ÿè¨˜xè‚²å…’ç”Ÿæ´»,https://www.instagram.com/bonu_daily/
pei_07_08,äººå­—æ—çš„ä½©ğŸŒš,https://www.instagram.com/pei_07_08/
raymond.hou,"raymond ç‘é–€ å°åŒ—ç¾é£Ÿã€å’–å•¡å»³ã€æ—…éŠã€ä½å®¿ | CHEN, BO-HONG",https://www.instagram.com/raymond.hou/
___min.1998__,,https://www.instagram.com/___min.1998__/
ya_oooooo,ç‘¤ç‘¤ Zoe,https://www.instagram.com/ya_oooooo/
louis__lin,ç˜‹åƒé«˜é›„è‚‰ç‡¥é£¯ğŸšï¼é«˜é›„ç¾é£Ÿç„¡è‚‰ä¸æ­¡,https://www.instagram.com/louis__lin/
peggy_525,ğ‘·ğ’†ğ’ˆğ’ˆğ’š ğŸ«§,https://www.instagram.com/peggy_525/
selinalee_0126,Selina Lee,https://www.instagram.com/selinalee_0126/
ruru1419,ğŸ­ğŸ±ğŸ®å–®çœ¼çš®å¦‚å¦‚ğŸ‘€,https://www.instagram.com/ruru1419/
eat.ing.19,EÌ‚at IÌˆngï½œå°ä¸­/å½°åŒ–/æ¡ƒåœ’/å°åŒ—/é«˜é›„/é‡‘é–€ç¾é£Ÿæ¨è–¦,https://www.instagram.com/eat.ing.19/
amberchenslife,é™³è‰¾ç†™ AmberChen,https://www.instagram.com/amberchenslife/
chingfoodshare,"è·Ÿè‘—Donnaä¸€èµ·åƒå–ç©æ¨‚ CHIANG, I-CHING",https://www.instagram.com/chingfoodshare/
mythjw,Wendy ç‘ªè¥¿|ç¾é£Ÿï½œæ–™ç†ï½œæ—…éŠ|éŸ“åœ‹,https://www.instagram.com/mythjw/
heimutaytay,é»’æœ¨å¤ªå¤ª,https://www.instagram.com/heimutaytay/
fourshark_foodie,ğŸ¦ˆğ“•ğ“¸ğ“¾ğ“»è²ªé£Ÿé¯Šï½œå…¨å°ç¾é£Ÿ åƒè²¨æ—¥å¸¸ğŸ°,https://www.instagram.com/fourshark_foodie/
chensongeat_,ğŸ‡¹ğŸ‡¼Songåƒå–ç©æ¨‚æ—¥å¸¸â€¼å°ä¸­ å°å— æ¡ƒåœ’ å½°åŒ– å°åŒ—,https://www.instagram.com/chensongeat_/
_lala.tw,_lala.twç¾å¦ä»£è³¼ï½œåœ˜è³¼ï½œé¸ç‰©,https://www.instagram.com/_lala.tw/
foodiemylife,ä¸¸å­èªªåŠå¤œä¸è¦çœ‹ğŸ¿ï¸é«˜é›„ç¾é£Ÿ,https://www.instagram.com/foodiemylife/
aprilc0423,April å°ç°¡,https://www.instagram.com/aprilc0423/
timeouttaiwan,Time Out Taiwan,https://www.instagram.com/timeouttaiwan/
xung.310,åº­è± æˆ‘è±xung,https://www.instagram.com/xung.310/
yan_0626,å¾®æ‡¶åª½åª½ Â· ç‡•ç‡•,https://www.instagram.com/yan_0626/
andykuophoto,é£Ÿå®¿é…’å…¬é‡Œ,https://www.instagram.com/andykuophoto/
fikiyang,Fiki,https://www.instagram.com/fikiyang/
iris8665,è‰¾ç‘çµ²ğ“ƒŸ |å°å—ç¾é£Ÿâ€¢è‚²å…’æ—¥å¸¸,https://www.instagram.com/iris8665/
april_0410,April / é®ªé­š,https://www.instagram.com/april_0410/
chuyo622,å¼µå°ç­‘Ya Chu (å°ç­‘å…’ï¼‰,https://www.instagram.com/chuyo622/
peri168,æ²›è‰ Peri Chang,https://www.instagram.com/peri168/
uccu0323,ç‘€ç†™YuciğŸ·,https://www.instagram.com/uccu0323/
suck_didi,è’‚è’‚Â©ï¸ Didi Chen,https://www.instagram.com/suck_didi/
avolala_select,AVOLALAè‚²å…’é »é“ â™¡ åœ˜è³¼ä¸­â‡£,https://www.instagram.com/avolala_select/
kaikailing,ä»¥å‰æ•™æ•¸å­¸çš„å‡±è‰,https://www.instagram.com/kaikailing/
hsuan0711,Doris Huang,https://www.instagram.com/hsuan0711/
lennawangtw,Lenna Wang,https://www.instagram.com/lennawangtw/
_.shuangshuang,çˆ½éœœâˆ¥éœœæ·‡æ·‹çš„éœœâ™¥ï¸ä¸å°ˆæ¥­æ‡¶äººæ–™ç†,https://www.instagram.com/_.shuangshuang/
kelly_foodlife,"Kellyå‡±è‰â™¡å°å— å˜‰ç¾© é«˜é›„ å°ä¸­ ç¾é£Ÿæ—…éŠï½œLIN, SHU-YU",https://www.instagram.com/kelly_foodlife/
carolyn_1130,æ€¡ä¼¶10,https://www.instagram.com/carolyn_1130/
chingwithgod,è³´é’,https://www.instagram.com/chingwithgod/
whisky.kay,Kaitlyn Tsai,https://www.instagram.com/whisky.kay/
vricolev,å°é›,https://www.instagram.com/vricolev/
garbagestoryboy,åƒåœ¾æ–‡ç¾å°‘å¹´,https://www.instagram.com/garbagestoryboy/
fun_with_oprah,Oprah,https://www.instagram.com/fun_with_oprah/
diamond1018,Jessica æ½”è¥¿å¡ï¼ˆè¥¿å¡ï¼‰,https://www.instagram.com/diamond1018/
hsuan_tsai,æ¸² ğŸ¯,https://www.instagram.com/hsuan_tsai/
yinhsiangc,èƒ¤ç¿”,https://www.instagram.com/yinhsiangc/
lenlen_allen,ã‚Œ,https://www.instagram.com/lenlen_allen/
hanhan0829,HanhanğŸ’‹,https://www.instagram.com/hanhan0829/
tasty.note,KAZU ï½œ æ—¥æœ¬ç”·å­çš„æ—¥å¼å®¶åº­æ–™ç† TASTY NOTE,https://www.instagram.com/tasty.note/
cook.nutrition,ç‡Ÿé¤Šå¸«ç…®ä»€éº¼,https://www.instagram.com/cook.nutrition/
la_woo.co,ğŸ¦¦è·Ÿè‘—ğ‹ğš ğ–ğ¨ğ¨(å•¦å—šâ—¡Ìˆ)ä¸€èµ·åœ˜è³¼ï¼Œæ’¿å¥½åº·ï¼,https://www.instagram.com/la_woo.co/
chianrueihuang,BeckyğŸŒš,https://www.instagram.com/chianrueihuang/
cheeeeennnnn,Miao-Li Chen,https://www.instagram.com/cheeeeennnnn/
penghu_travel,æ¾æ¹–ç¾é£Ÿ æ™¯é» æ—…éŠ æ—¥å¸¸â¸ eeåƒå–ç©æ¨‚éŠæ¾æ¹–,https://www.instagram.com/penghu_travel/
ayoyo_dietitian,å•Šå”·å”· Ayoyo ç‡Ÿé¤Šå¸«âœï¸,https://www.instagram.com/ayoyo_dietitian/
elissac__,ELISSA  ã‚†ã‚Š,https://www.instagram.com/elissac__/
littlelove0304,é»ƒå°æ„›,https://www.instagram.com/littlelove0304/
lizwu_,liz wu,https://www.instagram.com/lizwu_/
satani_blog,å¡”å¦®çš„ç©é£Ÿæ—¥å¸¸âœˆï¸ è¶…å•†é–‹ç®±ï½œé¤å»³é£Ÿè¨˜ï½œé£²æ§æ—¥å¸¸ï½œQIAN-YING,https://www.instagram.com/satani_blog/
rayray.huang,RayRay.  | é»ƒåµæ™ ğŸ§šğŸ»,https://www.instagram.com/rayray.huang/
07vanessa18,å°ä¸­ç¾é£Ÿâœ¨Wuæ˜¯å·«å©†ã„‰å·«Ë™ğƒ·Ë™,https://www.instagram.com/07vanessa18/
pinkydontstop,PINKY DONâ€™T STOP,https://www.instagram.com/pinkydontstop/
lingin1209,æ—é€² Lingin æ—æ±é€² é£›é†ºå‘é„™ Fashionbaby,https://www.instagram.com/lingin1209/
0313eeyore,æ¥‰æ£ ğŸ’•,https://www.instagram.com/0313eeyore/
rennie._.rui,å¡,https://www.instagram.com/rennie._.rui/
8nian8,å°å…«å§¨ ğŸ«§NIANå‰µè¾¦äººï½œå—å€å¥§è¿ªsalesï½œå¡”ç¾…ç‰Œå åœ,https://www.instagram.com/8nian8/
iyasareta.z,èŒ±è’‚ğŸ‘©ğŸ»ï½œèº«å¿ƒéˆç™‚ç™’ä¸­,https://www.instagram.com/iyasareta.z/
_qi77_,,https://www.instagram.com/_qi77_/
jcsf520,ğ‘±ğ’–ğ’ğ’Šğ’† å¼µé½Šéƒ¡,https://www.instagram.com/jcsf520/
kumikomeow,æŸšå­è±ğŸ’œ ï¼ˆå‹›åª½ï¼‰ï½œåœ˜è³¼ä»‹ç´¹ è«‹é—œæ³¨ã€ç²¾é¸é™å‹•ã€,https://www.instagram.com/kumikomeow/
ethan_kuan_kuan,é—œéŸ¶æ–‡ é—œé—œâœ¨,https://www.instagram.com/ethan_kuan_kuan/
love_loyi,å³æ´›å„€,https://www.instagram.com/love_loyi/
xiaoawww,å°±æ˜¯å˜Ÿä¸Ÿç¬‘æ¬¸,https://www.instagram.com/xiaoawww/
dd20219,ddçš„ç”Ÿæ´»æ—¥å¸¸,https://www.instagram.com/dd20219/
100tastesintw2015,åˆ¥å¢…è£¡çš„100ç¨®å‘³é“ï½œåŸºéš†xå°åŒ—xå°ä¸­ç¾é£Ÿ,https://www.instagram.com/100tastesintw2015/
tuango_savingmoney,åœ˜è³¼è³‡è¨Šç«™Â©,https://www.instagram.com/tuango_savingmoney/
tangtang.shortlegs,ç‡™ç‡™TangTang,https://www.instagram.com/tangtang.shortlegs/
kayla_bao,å¯¶åª½é¤å»³ï½œç´€éŒ„æ¯æ—¥å‰¯é£Ÿå“BLWé¤ç›¤,https://www.instagram.com/kayla_bao/
peggy_lifetime,Peggyçš„ç¾é£Ÿå°å¤©åœ°ğŸ’“å°å—/å°ä¸­/é«˜é›„/è‚²å…’/é£Ÿè­œåˆ†äº«,https://www.instagram.com/peggy_lifetime/
chelseafoodlife,æˆ‘æ˜¯é‚±å–œ Chelsea,https://www.instagram.com/chelseafoodlife/
_sabrina1996,SabrinaağŸ‘,https://www.instagram.com/_sabrina1996/
hhsu_c,èººç‹—Candy,https://www.instagram.com/hhsu_c/
brindy_dd,Brindy,https://www.instagram.com/brindy_dd/
littlehippobread,å°æ²³é¦¬éºµåŒ…,https://www.instagram.com/littlehippobread/
zero0222,ææŸ”Zero,https://www.instagram.com/zero0222/
dayday__nail,ğ–½ğ–ºğ—’ğ–½ğ–ºğ—’ ï»Œï»Œï»Œâ‹†â˜ï¸ å°åŒ— â¸œ å—äº¬ä¸‰æ°‘ â¸œ ç¾ç”²â¸œæ—¥å¸¸åˆ†äº«,https://www.instagram.com/dayday__nail/
peta0311,æ½˜åŠ­ä¸­,https://www.instagram.com/peta0311/
leonawww,æ­å¨œ,https://www.instagram.com/leonawww/
eatha.foodie,åƒåƒéœ  å…¨å°ç¾é£Ÿ/åœ˜è³¼/éœ²ç‡Ÿ/æ—¥å¸¸,https://www.instagram.com/eatha.foodie/
littlebee0111,ä¾å°Bee,https://www.instagram.com/littlebee0111/
love8513,è”¡èªå«£â™¥ç¾å¥½ç”Ÿæ´»,https://www.instagram.com/love8513/
yelu.22,æŸ¯æŸ¯ yeliz,https://www.instagram.com/yelu.22/
__y1ena,Elena Chen,https://www.instagram.com/__y1ena/
gdan_pudding,Gè›‹å¸ƒä¸ğŸ¥šğŸ®,https://www.instagram.com/gdan_pudding/
ec.wife,é›»å•†äººå¦»,https://www.instagram.com/ec.wife/
fridaycoolshy,Edward Kao,https://www.instagram.com/fridaycoolshy/
ellieciouss,æ„›éº— Ellie,https://www.instagram.com/ellieciouss/
